<?xml version="1.0" encoding="UTF-8"?>
<!DOCTYPE pr SYSTEM "file:/Users/ruisantos/Documents/Mestrado/Universidade%20do%20Minho/1%C2%BA%20Ano/1%C2%BA%20Semestre/Desenvolvimento%20de%20Aplica%C3%A7%C3%B5es%20WEB/TPCs/TPC_3/pr.dtd">
<pr>
    <metadata>
        <keyname>PG41850</keyname>
        <title>Trabalho para casa nº4</title>
        <subtitle>TPC nº4</subtitle>
        <supervisor homepage="http://www.di.uminho.pt/~jcr">José Carlos Ramalho</supervisor>
        <bdate>08/10/2019</bdate>
        <edate>09/10/2019</edate>
    </metadata>
    <workteam>
        <worker>
            <identifier>PG41850</identifier>
            <name>Rui Santos</name>
            <email>ruifcsantos59@gmail.com</email>
            <git>https://github.com/ruifcsantos59</git>
        </worker>
    </workteam>
    <abstract>
        <p>Trabalho para casa numero 4</p>
        <p>Desenvovlimento de um PR.xml assim como um servidor a correr na porta 7777 e que devolve consoante o pedido um determinado arq.xml</p>
    </abstract>
    <deliverables>
        <deliverable path="https://github.com/ruifcsantos59/DWEB2019/tree/master/TPC_4">Link Github</deliverable>
    </deliverables>
</pr>