<?xml version="1.0" encoding="UTF-8"?>
<ARQELEM>
		<TIPO ASSUNTO="arqueossitio"/>
		<IDENTI> Juriz </IDENTI>
		<DESCRI> Povoado medieval </DESCRI>
		<CRONO> Idade Média</CRONO>
		<LUGAR> Aldeia Velha </LUGAR>
		<FREGUE> Pitões das Júnias </FREGUE>
		<CONCEL> Montalegre </CONCEL>
		<CODADM> 170623 </CODADM>
		<LATITU> 541,2 </LATITU>
		<LONGIT> 214,2 </LONGIT>
		<ALTITU> 960m </ALTITU>
		<ACESSO>Cerca de 1.300 metros para Sudoeste da aldeia de Pitões das Júnias. O acesso
faz-se a pé (cerca de 25 minutos), pelo caminho carreteiro que liga a aldeia
de Pitões das Júnias à capela serrana de S. João da Fraga. Sensivelmente a
meio do percurso, já em pleno carvalhal de Beredo, vira-se à direita (para
Norte). O monumento está sinalizado.</ACESSO>
		<DESARQ>Povoado abandonado com arruamentos lajeados e vestígios de cerca de 40
casas, de planta geralmente quadrangular e paredes de blocos graníticos mais
ou menos aparelhadas, muitas ainda com umbrais e soleiras das entradas.
Poderá tratar-se da aldeia medieval de Sancti Vincencii de Gerez referida
nas "Inquirições Afonsinas" de 1258, provavelmente abandonada no século XV,
tempo de fomes, pestes e guerras. Nunca mais seria reocupada, podendo
aceitar-se que tenha sido substituída pela aldeia de Pitões das Júnias. O
lugar encontra-se actualmente coberto por um frondoso carvalhal espontâneo,
com a vegetação a conferir às ruínas uma beleza pouco vulgar. No extremo
setentrional do povoado, no topo de um pequeno outeiro coroado por caos de
blocos graníticos, a que a população chama "castelo", identificam-se alguns
rasgos que desenham uma planta quadrangular com cerca de 2 metros de lado,
vestígios que poderão corresponder a uma pequena atalaia. Um pouco mais
longe, cerca de 1,5 km para Sudeste, fica o mosteiro de Santa Maria das
Júnias. Em termos arqueológicos conserva-se tudo em bom estado.</DESARQ>
		<INTERP>Povoado medieval do séc. XIII.</INTERP>
		<INTERE>Trata-se de um monumento de inegável significado histórico regional e
excepcional valor científico e patrimonial, cujo estudo é fundamental para o
conhecimento da evolução do povoamento medieval na vertente nascente do
maciço geresiano. As ruínas desta aldeia abandonada enriquecem-se ainda com
a paisagem envolvente, marcada por exuberante cobertura vegetal e relevos
vigorosos. No Plano de Ordenamento do Parque Nacional da Peneda-Gerês foi
proposta a classificação do "Povoado de Juriz" como Monumento
Nacional.</INTERE>
		<BIBLIO>BARREIROS, F.B.(1920). Materiais para a arqueologia do Concelho de
Montalegre. Arqueólogo Português, 24, 1919-20, pp. 58-87. </BIBLIO>
		<BIBLIO> FONTES, L.(1992). Sítios e Achados Arqueológicos do Concelho de
Montalegre. Braga, 1992 (edição policopiada da CCRN - Porto). </BIBLIO>
		<AUTOR> Luis Fontes </AUTOR>
		<DATA>04-FEV-1998</DATA>
	</ARQELEM>
