<?xml version="1.0" encoding="UTF-8"?>
<ARQELEM>
		<TIPO ASSUNTO="arqueossitio"/>
		<IDENTI> Alto das Madanelas </IDENTI>
		<DESCRI> Povoado </DESCRI>
		<CRONO> Idade Média</CRONO>
		<LUGAR>Alto das Madalenas </LUGAR>
		<FREGUE> Salto </FREGUE>
		<CONCEL> Montalegre </CONCEL>
		<CODADM> 170626 </CODADM>
		<LATITU> 516,8 </LATITU>
		<LONGIT> 212,9 </LONGIT>
		<ALTITU>1033m </ALTITU>
		<ACESSO>Cerca de 1 km para poente das aldeias de Ameal e Bugalhão. O acesso,
difícil, faz-se por um estradão de terra batida, em mau estado, a partir da
aldeia de Bugalhão. O monumento não está sinalizado.</ACESSO>
		<DESARQ>Trata-se de um extenso "plateau" sobreelevado e perimetralmente marcado por
um talude, no interior do qual se observam arruamentos lajeados e vestígios
de cerca de 20 casas, de planta geralmente quadrangular e paredes de blocos
graníticos mais ou menos aparelhadas, muitas ainda com umbrais e soleiras
das entradas. Sem que se possa precisar a identificação, corresponderá a uma
das várias aldeias da zona de Salto referenciadas nas "Inquirições
Afonsinas" de 1258, provavelmente abandonada no século XV, tempo de fomes,
pestes e guerras. Hoje ermo, o local encontra-se mal conservado e coberto
por vegetação arbustiva.</DESARQ>
		<INTERP>Povoado medieval.</INTERP>
		<INTERE>Trata-se de um monumento de grande valor científico e patrimonial, cujo
estudo é fundamental para o conhecimento da evolução do povoamento medieval
na região de Salto, território que chegou a constituir uma circunscrição
administrativa religiosa ao tempo dos suevos.</INTERE>
		<BIBLIO>BARREIROS, F.B.(1920). Materiais para a arqueologia do Concelho de
Montalegre. Arqueólogo Português, 24, 1919-20, pp. 58-87. </BIBLIO>
		<BIBLIO> FONTES, L.(1992). Sítios e Achados Arqueológicos do Concelho de
Montalegre. Braga, 1992 (edição policopiada da CCRN - Porto). </BIBLIO>
		<AUTOR> Luis Fontes </AUTOR>
		<DATA>04-FEV-1998</DATA>
	</ARQELEM>
