<?xml version="1.0" encoding="UTF-8"?>
<ARQELEM>
		<TIPO ASSUNTO="arqueossitio"/>
		<IDENTI> Santa Iria </IDENTI>
		<DESCRI>
			   <LIGA TERMO="povoado fortificado"> Povoado fortificado</LIGA>
		</DESCRI>
		<CRONO> Proto-História </CRONO>
		<LUGAR> Monte de Santa Iria</LUGAR>
		<FREGUE> Verim </FREGUE>
		<CONCEL> Póvoa de Lanhoso </CONCEL>
		<CODADM> 030928 </CODADM>
		<LATITU> 516 </LATITU>
		<LONGIT> 184,8 </LONGIT>
		<ALTITU> 110m </ALTITU>
		<QUADRO>O Monte de Santa Iria é uma pequena elevação que se desenvolve num comprido
e estreito esporão, paralelo ao rio Cávado. O monte localiza-se a cerca de
1Km a Norte da igreja de Verim.</QUADRO>
		<TRAARQ>Não são conhecidos trabalhos arqueológicos no local.</TRAARQ>
		<DESARQ>Apesar da baixa altitude do cabeço, as suas vertentes são abruptas, pelo que
o povoado possui boas defesas naturais. Na parte mais alta do monte,
circundando um tabuleiro razoavelmente plano, existem vestígios de um talude
defensivo. Aparentemente o povoado possuiria apenas uma plataforma,
enquadrando-se, deste modo, no conjunto de povoados de baixa altitude. Na
supefície do cabeço recolhem-se fragmentos de <LIGA TERMO="cerâmica indígena"> cerâmica indígena</LIGA> de fabrico <LIGA TERMO="micáceo">micáceo</LIGA>. O sítio encontra-se bastante destruído. </DESARQ>
		<INTERP>
			   <LIGA TERMO="povoado fortificado"> Povoado fortificado</LIGA>
proto-histórico. </INTERP>
		<BIBLIO>MARTINS, M. (1990). O Povoamento Proto-Histórico e a Romanização da
Bacia do Curso Médio do Cávado, Cadernos de Arqueologia - Monografias, 5,
Universidade do Minho, Braga, pp. 93. </BIBLIO>
		<AUTOR> Manuela Martins </AUTOR>
		<DATA>04-FEV-1998</DATA>
	</ARQELEM>
