<?xml version="1.0" encoding="UTF-8"?>
<ARQELEM>
		<TIPO ASSUNTO="arqueossitio"/>
		<IDENTI> Castelhão </IDENTI>
		<DESCRI>
			   <LIGA TERMO="povoado fortificado"> Povoado fortificado</LIGA>
		</DESCRI>
		<CRONO> Proto-História</CRONO>
		<LUGAR> Castelhão</LUGAR>
		<FREGUE> Barbudo </FREGUE>
		<CONCEL> Vila Verde </CONCEL>
		<CODADM> 031306 </CODADM>
		<LATITU> 520,4 </LATITU>
		<LONGIT> 172,9 </LONGIT>
		<ALTITU> 200m </ALTITU>
		<ACESSO>O acesso a este povoado pode fazer-se a partir do lugar de Barbudo.</ACESSO>
		<QUADRO>O povoado ocupa um pequeno outeiro, localizado na base da vertente SE do
Monte do Barbudo. Apesar da sua baixa altitude domina uma extensa área do
vale.</QUADRO>
		<TRAARQ>Não são conhecidos trabalhos arqueológicos no local.</TRAARQ>
		<DESARQ>O monte possui boas defesas naturais asseguradas pelo escarpado das suas
vertentes. Nos lados oeste e noroeste conservam-se ainda vestígios de
fossos, bem como restos de fortificações que asseguravam a defesa desses
sectores do povoado. Na superfície do cabeço encontram-se fragmentos de
cerâmica e algumas pedras trabalhadas, que deixam adivinhar a existência de
construções nas plataformas. No entanto, não se observam quaisquer
alinhamentos coerentes.</DESARQ>
		<INTERP>
			   <LIGA TERMO="povoado fortificado"> Povoado fortificado</LIGA>
proto-histórico.</INTERP>
		<BIBLIO> CUNHA, A. R.(1975a). Trepando aos montes, O Distrito de Braga, 1
(3-4), Braga, pp. 530. </BIBLIO>
		<BIBLIO> MARTINS, M. (1990). O Povoamento Proto-Histórico e a Romanização da
Bacia do Curso Médio do Cávado, Cadernos de Arqueologia - Monografias, 5,
Universidade do Minho, Braga, pp. 96. </BIBLIO>
		<AUTOR> Manuela Martins </AUTOR>
		<DATA>04-FEV-1998</DATA>
	</ARQELEM>
