<?xml version="1.0" encoding="UTF-8"?>
<ARQELEM>
		<TIPO ASSUNTO="arqueossitio"/>
		<IDENTI> Lugar de Coto; Póvoa; Lugar do Reduto </IDENTI>
		<DESCRI>
			   <LIGA TERMO="povoado fortificado"> Povoado fortificado</LIGA>
		</DESCRI>
		<CRONO> Proto-História </CRONO>
		<LUGAR> Lugar de Coto </LUGAR>
		<FREGUE> Dossãos </FREGUE>
		<CONCEL> Vila Verde </CONCEL>
		<CODADM> 031313 </CODADM>
		<LATITU> 523,2 </LATITU>
		<LONGIT> 172,2 </LONGIT>
		<ALTITU> 250m </ALTITU>
		<ACESSO>O acesso faz-se por caminho de pé posto a partir de Dossãos.</ACESSO>
		<QUADRO>O <LIGA TERMO="castro"> castro</LIGA> ocupa um pequeno outeiro situado na
vertente este do monte de Moinho Velho, que constitui um prolongamento para
SE do monte do Borrelho, importante acidente geográfico do concelho de Vila
Verde. O outeiro encontra-se virado a um pequeno vale, onde se localiza a
sede de freguesia.</QUADRO>
		<TRAARQ>Não são conhecidos trabalhos arqueológicos no local.</TRAARQ>
		<DESARQ>O povoado é relativamente pequeno e possui apenas duas plataformas, em cujos
limites é possível notar restos de fortificações. Na superfície do cabeço
recolhem-se fragmentos de cerâmica, sobretudo de <LIGA TERMO="tégula">tégulas</LIGA>.</DESARQ>
		<INTERP>
			   <LIGA TERMO="povoado fortificado"> Povoado fortificado</LIGA>
romanizado. </INTERP>
		<BIBLIO> VIEIRA, J. A. (1886). O Minho pitoresco, Lisboa, 2 vols. pp. 404.</BIBLIO>
		<BIBLIO>MARTINS, M. (1990) O Povoamento Proto-Histórico e a Romanização da Bacia do
Curso do Médio Cávado, Cadernos de Arqueologia - Monografias, 5,
Universidade do Minho, Braga, pp. 97-98. </BIBLIO>
		<AUTOR> Manuela Martins </AUTOR>
		<DATA>04-FEV-1998</DATA>
	</ARQELEM>
