<?xml version="1.0" encoding="UTF-8"?>
<ARQELEM>
		<TIPO ASSUNTO="arqueossitio"/>
		<IDENTI> S. Sebastião </IDENTI>
		<DESCRI>
			   <LIGA TERMO="povoado fortificado"> Povoado fortificado</LIGA>
		</DESCRI>
		<CRONO> Proto-História / Romanização</CRONO>
		<LUGAR> S. Sebastião </LUGAR>
		<FREGUE> Atiães </FREGUE>
		<CONCEL> Vila Verde </CONCEL>
		<CODADM> 031303 </CODADM>
		<LATITU> 518,8 </LATITU>
		<LONGIT> 170,5 </LONGIT>
		<ALTITU> 100m </ALTITU>
		<QUADRO>O lugar de S. Sebastião corresponde a um pequeno outeiro de baixa altitude,
que se destaca bem no largo vale da Ribeira de Febros.</QUADRO>
		<TRAARQ>Não são conhecidos trabalhos arqueológicos no local.</TRAARQ>
		<DESARQ>Trata-se de um pequeno povoado de baixa altitude, do mesmo género do <LIGA TERMO="castro"> castro</LIGA> do Lago, em Amares. Está organizado em função
de uma única plataforma, situada na parte mais alta do monte. Na superfície
do cabeço encontram-se alguns fragmentos de <LIGA TERMO="cerâmica indígena">cerâmica indígena</LIGA> e romanizada. </DESARQ>
		<INTERP>
			   <LIGA TERMO="povoado fortificado"> Povoado fortificado</LIGA>
romanizado.</INTERP>
		<BIBLIO>MARTINS, M. (1990) O Povoamento Proto-Histórico e a Romanização da
Bacia do Curso Médio do Càvado, Cadernos de Arqueologia - Monogtrafias, 5,
Universidade do Minho, Braga, pp. 95-96. </BIBLIO>
		<AUTOR> Manuela Martins </AUTOR>
		<DATA>04-FEV-1998</DATA>
	</ARQELEM>
