<?xml version="1.0" encoding="UTF-8"?>
<ARQELEM>
		<TIPO ASSUNTO="arqueossitio"/>
		<IDENTI> Vilela </IDENTI>
		<DESCRI>
			   <LIGA TERMO="miliário"> Miliários</LIGA>
		</DESCRI>
		<CRONO>Romanização</CRONO>
		<LUGAR> Perto do lugar de Vilela </LUGAR>
		<FREGUE> Vilela </FREGUE>
		<CONCEL> Amares </CONCEL>
		<CODADM> 030124 </CODADM>
		<LATITU> 521,8 </LATITU>
		<LONGIT> 184,6 </LONGIT>
		<ALTITU> 223m </ALTITU>
		<ACESSO> Um dos <LIGA TERMO="miliário"> miliários</LIGA> encontra-se tombado
na valeta do C.M. 1236, perto do lugar de Vilela. O outro está encostado ao
muro do adro da igreja desta freguesia. </ACESSO>
		<QUADRO> Desconhece-se o local exacto onde foram descobertos. </QUADRO>
		<DESARQ> O <LIGA TERMO="miliário"> miliário</LIGA> tombado tem cerca de
1,50m de altura e não apresenta vestígios de epígrafe. O que se encontra
junto à igreja é um monumento catalogado de série Capela (CIL II , 4798/ 99
= EE, VIII, 224). Está fragmentado e conserva apenas a parte final da
inscrição. A reconstituição da leitura foi feita com base noutros <LIGA TERMO="miliário"> miliários</LIGA>, dos mesmos imperadores, existentes na
mesma via. Altura: 140; diâmetro: 55; letras: 7 e 8.

[IMP(eratore) TITO CAESARE DIVI VESP(asiani) F(ilio) VESPASIANO AVG(usto)
PONT(tifice) MAX(imo) TRIB(unicia) POT(estate) IX (nona) IMP(eratore) XV
(decimum quintum) P(atre) P(atriae) CO(n)S(ule) VIII (octavum) [ET] CAESARE
DIVI VESP(asiani) F(ilio) [DOMITIANO] CO(n)S(ule) VII (septimum) / G(aio)
CALPETANO RANTIO / QVIRINALE VA(lerio) / FESTO LEG(ato) AVG(usti)
[PROPR(aetore)] / A BRACARA M(ilia) P(assuum) XIII (tredecim).

Sendo Imperador Tito César Vespasiano, filho do divino Vespasiano, Augusto,
Pontífice Máximo, no seu nono poder tribunício, saudado imperador quinze
vezes, pai da pátria, oito vezes cônsul, e César (Domiciano), filho do
divino Vespasiano, sete vezes cônsul, sendo legado de Augusto e Propretor
Caio Calpetano Râncio Quirinal Valério Festo. De Braga são treze
milhas.</DESARQ>
		<INTERP>
			   <LIGA TERMO="miliário"> Miliário</LIGA> da Via Nova (Geira) de Tito
e Domiciano, datado de 79-81.</INTERP>
		<BIBLIO> VIEIRA, J. A.(1886-87). O Minho Pitoresco, Lisboa, 2 vols. pp.437.
CAPELA, M. (1895). Miliários do Conventus Bracaraugustanus em Portugal,
Porto. pp. 60, 105. </BIBLIO>
		<BIBLIO> MARTINS, M. (1990) O Povoamento Proto-Histórico e Romanização da
Bacia do Curso do Médio Cávado, Cadernos de Arqueologia - Monografias, 5,
Universidade do Minho, Braga, pp. 71-72. </BIBLIO>
		<AUTOR> Manuela Martins</AUTOR>
		<DATA>04-FEV-1998</DATA>
	</ARQELEM>
