<?xml version="1.0" encoding="UTF-8"?>
<ARQELEM>
		<TIPO ASSUNTO="arqueossitio"/>
		<IDENTI> Portelagem; Casa da Moura </IDENTI>
		<DESCRI> Monumento megalítico </DESCRI>
		<CRONO> Pré-História Recente</CRONO>
		<LUGAR/>
		<FREGUE> Vila Chã </FREGUE>
		<CONCEL> Esposende </CONCEL>
		<CODADM> 030615 </CODADM>
		<LATITU> 511,3 </LATITU>
		<LONGIT> 147,4 </LONGIT>
		<ALTITU> 161m </ALTITU>
		<ACESSO>Por caminho carreteiro a partir do lugar do Sobreiro. </ACESSO>
		<QUADRO> Planalto a Sudeste do Rápido. </QUADRO>
		<DESARQ>Neste monumento megalítico, de câmara rectangular alongada, com 4,10m de
comprimento por 1,50m de largura e 2m de altura, revestida por couraça
lítica, Martins Sarmento exumou três pontas de seta e um púcaro, de fabrico
manual, pasta arenosa, grosseira, de cor acastanhada. A pança apresenta
carena na parte média do corpo do vaso, sobre o qual existe uma fiada de
mamilos. Também sobre o bordo se registam decorações mamilares. A base é de
fundo plano e a asa de secção sub-rectangular, de inserção vertical. As
características deste vaso, inserem-no entre os finais do IIIº e os meados
do IIº milénio A.C. </DESARQ>
		<INTERP>Monumento Megalítico. </INTERP>
		<DEPOSI> Museu Martins Sarmento. </DEPOSI>
		<BIBLIO>VASCONCELOS, J. L. (1901) Extractos da correspondência de F. Martins
Sarmento (1881-1883), Arqueólogo Português, 6, Lisboa, pp.34-35. </BIBLIO>
		<BIBLIO> FORTES, J (1905) Thesouro de Viatodos - da Idade do Bronze,
Portugália, 2 (1), Porto, pp. 110-111. </BIBLIO>
		<BIBLIO> SARMENTO, F.(1933) Dispersos, Ed. Universidade de Coimbra, Coimbra,
pp. 156. </BIBLIO>
		<BIBLIO> LEISNER, V. .(1958) Nota sobre um vaso transmontano, Arqueologia e
História, 8, Lisboa, pp.150. </BIBLIO>
		<BIBLIO> SANCHES, M. J. (1981) Recipientes cerâmicos da Pré-História recente
do Norte de Portugal, Arqueologia, 3, Porto, pp.88-98. </BIBLIO>
		<BIBLIO> ALMEIDA, C. A. B. (1985) Carta Arqueológica do concelho de
Esposende, Boletim Cultural de Esposende, 7/8, Esposende, pp. 39-40.</BIBLIO>
		<AUTOR> Ana M. S. Bettencourt </AUTOR>
		<DATA>04-FEV-1998</DATA>
	</ARQELEM>
