<?xml version="1.0" encoding="UTF-8"?>
<ARQELEM>
		<TIPO ASSUNTO="arqueossitio"/>
		<IDENTI> Granjinhos, Braga</IDENTI>
		<DESCRI>
			   <LIGA TERMO="necrópole"> Necrópole</LIGA>
		</DESCRI>
		<CRONO> Proto-História </CRONO>
		<LUGAR/>
		<FREGUE> S. Lázaro </FREGUE>
		<CONCEL> Braga </CONCEL>
		<CODADM> 030342 </CODADM>
		<LATITU> 508,8 </LATITU>
		<LONGIT> 175,8 </LONGIT>
		<ALTITU> 180m </ALTITU>
		<DESARQ>Em 1993, durante as escavações de emergência, realizadas nos Granjinhos, em
Braga, no âmbito do projecto "Salvamento de Bracara Augusta", foram
encontrados quatro recipientes subcilíndricos, de fabrico manual com bases
de fundo plano. As pastas arenosas, grosseiras e de cor acastanhada
apresentam superfícies alisadas. As condições de jazida deste espólio
permitiram pôr a hipótese de estarmos face a um achado isolado e fora de
qualquer contexto doméstico.
Análises de material orgânico, em associação com estes vasos e no seu
interior, indicaram percentagens muito altas de fósforo, o que sugere uma
funcionalidade sepulcral dos mesmos. Admitimos, assim, estar perante uma
manifestação de enterramento, associada ao ritual de incineração e,
localizada, aparentemente, fora de qualquer contexto habitacional, mas
eventualmente relacionável com o povoado da Idade do Bronze que existiria no
Alto da Cividade.
Genericamente, podemos datar estes recipientes da Idade do Bronze, mas uma
cronologia mais fina é problemática. Os paralelos formais para estes vasos,
bem como o ritual a eles associado, permitem inseri-los, hipoteticamente,
entre os meados do IIº e o início do Iº milénio a.C.. </DESARQ>
		<INTERP>
			   <LIGA TERMO="necrópole"> Necrópole</LIGA> de Idade do Bronze.</INTERP>
		<DEPOSI>Museu D. Diogo de Sousa, Braga. Números de inventário - 296 a 299. </DEPOSI>
		<AUTOR> Ana M. S. Bettencourt </AUTOR>
		<DATA>04-FEV-1998</DATA>
	</ARQELEM>
