<?xml version="1.0" encoding="UTF-8"?>
<ARQELEM>
		<TIPO ASSUNTO="arqueossitio"/>
		<IDENTI> Serra </IDENTI>
		<DESCRI> Monumento megalítico </DESCRI>
		<CRONO> Pré-história Recente</CRONO>
		<LUGAR/>
		<FREGUE> Vila Chã </FREGUE>
		<CONCEL> Esposende </CONCEL>
		<CODADM> 030615 </CODADM>
		<LATITU> 513,6 </LATITU>
		<LONGIT> 148,8 </LONGIT>
		<ALTITU> 208m </ALTITU>
		<ACESSO>A partir do lugar da Granja, por estrada municipal e, depois, por caminho
carreteiro e de pé posto. </ACESSO>
		<QUADRO>Pequeno planalto, a cerca de 1,5Km para Nordeste do Monte da Cerca com boa
visibilidade para o vale do Neiva. </QUADRO>
		<DESARQ>Nos finais do século passado, Martins Sarmento escavou um núcleo de três
monumentos megalíticos. Num deles, o do meio, na altura ainda com cinco
esteios, foi exumado um vaso tronco-cónico em associação com treze pontas de
seta, uma <LIGA TERMO="lâmina"> lâmina</LIGA> e uma ponta de dardo. O vaso,
com vestígios de fuligem num dos lados e asa lateral de inserção vertical, é
de fabrico manual, pasta arenosa e grosseira. Apresenta, no início da pança,
uma fiada de quatro mamilos alongados. A base é de fundo plano e a asa de
secção sub-rectangular. Apareceram também fragmentos em ferro, o que prova
estar o espólio remexido e invalida qualquer tentativa de contemporaneidade
entre as diferentes peças. As características do vaso e os paralelos para
ele encontrados no Norte de Portugal permitem inseri-lo entre os finais do
IIIº milénio e meados do IIº milénio a.C.. </DESARQ>
		<INTERP>Monumento Megalítico construído ou reutilizado na Idade do Bronze. </INTERP>
		<DEPOSI>Museu Martins Sarmento.</DEPOSI>
		<BIBLIO>VASCONCELOS, J. L. (1901) Extractos da correspondência de F. Martins
Sarmento (1881-1883), Arqueólogo Português, 6, Lisboa, pp.34. </BIBLIO>
		<BIBLIO> SARMENTO, F. (1933) Dispersos, Ed. Universidade de Coimbra,
Coimbra, pp. 154-155. </BIBLIO>
		<BIBLIO> SANCHES, M. J. (1981) Recipientes cerâmicos da Pré-História recente
do Norte de Portugal, Arqueologia, 3, Porto, pp.88-98. </BIBLIO>
		<BIBLIO> ALMEIDA, C. A. B. (1985) Carta Arqueológica do concelho de
Esposende, Boletim Cultural de Esposende, 7/8, Esposende, pp. 39-40.</BIBLIO>
		<AUTOR> Ana M.S. Bettencourt </AUTOR>
		<DATA>04-FEV-1998</DATA>
	</ARQELEM>
