<?xml version="1.0" encoding="UTF-8"?>
<ARQELEM>
		<TIPO ASSUNTO="arqueossitio"/>
		<IDENTI> Quinta de Rios de Cima </IDENTI>
		<DESCRI> Pedestal de estátua </DESCRI>
		<CRONO>Romanização</CRONO>
		<LUGAR> Quinta de Rios de Cima </LUGAR>
		<FREGUE> Caires </FREGUE>
		<CONCEL> Amares </CONCEL>
		<CODADM> 030105 </CODADM>
		<LATITU> 519,3 </LATITU>
		<LONGIT> 181,3 </LONGIT>
		<ALTITU> 170m </ALTITU>
		<QUADRO>Monumento identificado em 1983, no decorrer do levantamento arqueológico de
Amares, realizado pela U. A. U. M.. Embora encontrado na Quinta de Rios de
Cima, onde pode ser visto, desconhece-se o sítio exacto da sua proveniência,
sabendo-se que foi usado como material de construção na capela de S.
Vicente, demolida em 1815.</QUADRO>
		<DESARQ>Monumento em granito, correspondente ao pedestal de uma estátua, com
inscrição latina, dedicado ao Génio. Encontra-se praticamente intacto,
evidenciando excelente qualidade de execução dentro dos cânones clássicos.
Ao centro da face superior, plana, existe uma cavidade quadrangular, com
moldura rebaixada, que servia para encaixar a estátua da divindade
homenageada.
Dimensões:
39x37; 88x33x31; 33x38; campo epigráfico: 47x33.
Inscrição:
Q (uintus). SABI/ NIVS. FLO/ RVS. GEN/ IO. V(otum). S (olvit). L (ibens). M
(erito).
Quinto Sabínio Floro cumpriu de bom grado o voto ao Génio, digno de
merecimento.

Pela tipologia e pelas características paleográficas do texto o monumento
datará do séc I da nossa era. </DESARQ>
		<INTERP>Pedestal de estátua dedicado ao Génio, datado do séc. I. </INTERP>
		<BIBLIO>ENCARNAÇÃO, J. de (1985). O Culto ao Génio no Noroeste peninsular, Cadernos
de Arqueologia, Série II, 2, Braga, pp. 41-49. </BIBLIO>
		<AUTOR> Manuela Martins </AUTOR>
		<DATA>04-FEV-1998</DATA>
	</ARQELEM>
