<?xml version="1.0" encoding="UTF-8"?>
<ARQELEM>
		<TIPO ASSUNTO="arqueossitio"/>
		<IDENTI> Sabadim </IDENTI>
		<DESCRI> Igreja </DESCRI>
		<CRONO> Idade Média</CRONO>
		<LUGAR> Sabadim </LUGAR>
		<FREGUE> Sabadim </FREGUE>
		<CONCEL> Arcos de Valdevez </CONCEL>
		<CODADM> 160133 </CODADM>
		<LATITU> 548,7 </LATITU>
		<LONGIT> 172,9 </LONGIT>
		<ALTITU> 150m </ALTITU>
		<ACESSO>Na aldeia de Sabadim. O acesso faz-se directamente por estrada municipal, a
partir da estrada nacional EN.101 (ligação Arcos de Valdevez - Monção). O
monumento não está sinalizado.</ACESSO>
		<DESARQ>Sabadim terá sido sede de um mal documentado mosteiro de S. Salvador de
Sabadim, instituição monástica que se refere ter sido inicialmente de
Templários e posteriormente beneditina. Da edificação medieval,
profundamente alterada por sucessivas remodelações restam, nas paredes da
<LIGA TERMO="nave"> nave</LIGA> da actual igreja paroquial de S. Salvador de
Sabadim e testemunhando uma antiga edificação românica, vestígios dos
paramentos coroados por cachorradas com <LIGA TERMO="modilhão">modilhões</LIGA> esculpidos, identificando-se caras, cabeças de touro,
molduras geométricas e pipos. Identificam-se ainda um fragmento de <LIGA TERMO="friso"> friso</LIGA> com <LIGA TERMO="palmeta"> palmetas</LIGA> e
parte do<LIGA TERMO="triedro"> triedro</LIGA>fechado do portal lateral
meridional, em<LIGA TERMO="arco"> arco</LIGA>de volta perfeita. A pia de
água benta reaproveita um capitel <LIGA TERMO="românico">românico</LIGA>.</DESARQ>
		<INTERP>Igreja de fundação medieval.</INTERP>
		<INTERE>Embora razoavelmente conservados e apesar de interessarem ao estudo da
difusão das arquitectura e decoração românicas, os elementos descritos não
têm, no contexto regional, grande valor patrimonial nem revestem particular
significado histórico. </INTERE>
		<BIBLIO>ALMEIDA,C.A.F. (1978a) Arquitectura Românica de Entre Douro e Minho, Tese de
Doutoramento (policopiada), Faculdade de Letras da Universidade do Porto,
Porto, 1978. </BIBLIO>
		<BIBLIO> ALMEIDA, C.A.F. (1987) Alto Minho, (novos guias de Portugal, 5),
Editorial Presença, Lisboa, 1987. </BIBLIO>
		<BIBLIO> BARREIROS, M.A. (1926) Egrejas e Capelas Romanicas da Ribeira Lima,
Edições Marques Abreu, Porto, 192. </BIBLIO>
		<AUTOR> Luís Fontes </AUTOR>
		<DATA>04-FEV-1998</DATA>
	</ARQELEM>
