<?xml version="1.0" encoding="UTF-8"?>
<ARQELEM>
		<TIPO ASSUNTO="arqueossitio"/>
		<IDENTI> Giela </IDENTI>
		<DESCRI> Paço </DESCRI>
		<LUGAR> Giela </LUGAR>
		<FREGUE> Giela </FREGUE>
		<CONCEL> Arcos de Valdevez </CONCEL>
		<CODADM> 160114 </CODADM>
		<LATITU> 542,7 </LATITU>
		<LONGIT> 177,1 </LONGIT>
		<ALTITU> 69m </ALTITU>
		<ACESSO>Junto à aldeia de Giela. O acesso faz-se a pé, directamente a partir da
estrada nacional EN.202-2, que liga Arcos de Valdevez a Sistelo. O monumento
não está sinalizado.</ACESSO>
		<DESARQ>Residência senhorial do senhor da Terra, pelo menos desde a primeira metade
do século XV, o Paço de Giela é uma das mais antigas e melhor conservadas
casas-torre minhotas. Da edificação medieval conserva apenas a elevada torre
ameada, comparável a uma verdadeira torre de menagem, cuja construção, de
grande qualidade, deverá remontar ao século XIV. Nas primeiras décadas do
século XVI ter-se-á construído o bloco habitacional que actualmente
apresenta acoplado. De planta rectangular e com porta fortificada, apresenta
elementos de decoração arquitectónica de estilo manuelino, bem evidenciados
nas guarnições das janelas.</DESARQ>
		<INTERE>Abandonado e com os telhados arruinados, o paço de Giela constitui, mesmo
assim, um grande valor patrimonial, classificado como Monumento Nacional
(Dec. de 16-6-1910). Possui um elevado significado histórico local,
revestindo igualmente grande interesse científico para a compreensão das
organização e evolução do povoamento medievais na região minhota em geral e
das residências senhoriais fortificadas em particular. </INTERE>
		<BIBLIO>ALMEIDA, C.A.F. (1987) Alto Minho, (novos guias de Portugal, 5), Editorial
Presença, Lisboa, 1987 </BIBLIO>
		<AUTOR> Luís Fontes </AUTOR>
		<DATA>04-FEV-1998</DATA>
	</ARQELEM>
