<?xml version="1.0" encoding="UTF-8"?>
<ARQELEM>
		<TIPO ASSUNTO="arqueossitio"/>
		<IDENTI>Monte de Sequeiros </IDENTI>
		<DESCRI>
			   <LIGA TERMO="povoado fortificado"> Povoado fortificado</LIGA>
		</DESCRI>
		<CRONO>Proto-História</CRONO>
		<LUGAR> Monte de Sequeiros </LUGAR>
		<FREGUE> Sequeiros </FREGUE>
		<CONCEL> Amares </CONCEL>
		<CODADM> 030121 </CODADM>
		<LATITU> 523,9 </LATITU>
		<LONGIT> 180,7 </LONGIT>
		<ALTITU> 228m </ALTITU>
		<ACESSO>O acesso faz-se por caminho de pé posto, a partir do lugar do Paço, da
freguesia de Sequeiros.</ACESSO>
		<QUADRO>O monte de Sequeiros corresponde a um pequeno esporão da vertente NO da
serra da Abadia, já praticamente sobranceiro ao rio Homem.</QUADRO>
		<TRAARQ>Não são conhecidos trabalhos arqueológicos no local.</TRAARQ>
		<DESARQ>A densa cobertura vegetal que cobre o monte dificulta a observação de
estruturas, ou a detecção de cerâmica. No entanto, a toponímia, a tradição
lendária e a notícia do aparecimento, há alguns anos, de vasos, aliados à
localização e condições topográficas do sítio, são indicativos da existência
de um <LIGA TERMO="castro"> castro</LIGA>.</DESARQ>
		<INTERP> Povoado fortificado proto-histórico. </INTERP>
		<BIBLIO> SILVA, D. M. (1958-59). Entre Homem e Cávado, Amares. Monografia do
concelho de Amares e Terras de Bouro, Amares, pp. 353-355 </BIBLIO>
		<BIBLIO>MARTINS, M. (1990). O Povoamento Proto-Histórico e a romanização da Bacia do
Curso do Médio Cávado, Cadernos de Arqueologia - Monografias, 5,
Universidade do Minho, Braga, pp. 71. </BIBLIO>
		<AUTOR>Manuela Martins </AUTOR>
		<DATA>04-Fev-1998</DATA>
	</ARQELEM>
