<?xml version="1.0" encoding="UTF-8"?>
<ARQELEM>
		<TIPO ASSUNTO="arqueossitio"/>
		<IDENTI> Cervos </IDENTI>
		<DESCRI> Igreja </DESCRI>
		<CRONO> Idade Média</CRONO>
		<LUGAR> Cervos </LUGAR>
		<FREGUE> Cervos </FREGUE>
		<CONCEL> Montalegre </CONCEL>
		<CODADM> 170603 </CODADM>
		<LATITU> 529,9 </LATITU>
		<LONGIT> 237,5 </LONGIT>
		<ALTITU> 855m </ALTITU>
		<ACESSO>O acesso faz-se pela estrada municipal alcatroada que liga a povoação
directamente à estrada EN 103, na direcção Montalegre - Boticas. O monumento
não está sinalizado.</ACESSO>
		<DESARQ>Em torno da igreja paroquial, no interior do adro murado, vêem-se tampas de
sepulturas com decoração simples, muito erodidas por reutilização em
pavimento e um <LIGA TERMO="sarcófago"> sarcófago</LIGA> antropomórfico, em
granito. Trata-se de vestígios da <LIGA TERMO="necrópole"> necrópole</LIGA>
baixo-medieval, testemunhadores da antiga prática de enterrar os paroquianos
no adro envolvente da igreja, à sombra protectora do edifício sagrado. Não
se conhecem outras referências histórico-arqueológicas
contextualizadoras.</DESARQ>
		<INTERP>Igreja e necrópole tardo-medievais.</INTERP>
		<INTERE>Embora razoavelmente conservados, os elementos descritos não têm, no
contexto regional, grande valor patrimonial nem revestem particular
significado histórico.</INTERE>
		<BIBLIO>FONTES L. (1992) Sítios e Achados Arqueológicos do Concelho de
Montalegre. Braga, 1992 (edição policopiada da CCRN - Porto). </BIBLIO>
		<AUTOR> Luis Fontes </AUTOR>
		<DATA>04-FEV-1998</DATA>
	</ARQELEM>
