<?xml version="1.0" encoding="UTF-8"?>
<ARQELEM>
		<TIPO ASSUNTO="arqueossitio"/>
		<IDENTI> Alto da Cividade; Braga </IDENTI>
		<DESCRI> Povoado da Idade do Bronze </DESCRI>
		<CRONO> Proto-História</CRONO>
		<LUGAR> Alto da Cividade</LUGAR>
		<FREGUE> Cividade </FREGUE>
		<CONCEL> Braga </CONCEL>
		<CODADM> 030307 </CODADM>
		<LATITU> 508,7 </LATITU>
		<LONGIT> 175,3 </LONGIT>
		<ALTITU> 183m </ALTITU>
		<ACESSO> Situa-se no centro histórico da cidade de Braga </ACESSO>
		<QUADRO>O Alto da Cividade corresponde ao ponto mais alto da cidade de Braga, que
desce em suave declive sobre o vale do rio Este. O sítio era ainda, em 1976,
uma zona periférica da cidade, ocupada por quintas e quintais. Actualmente
encontra-se urbanizada, com exepção dos terrenos integrados na Zona
Arqueológica de Braga.</QUADRO>
		<TRAARQ> A zona mais alta de Braga, situada na freguesia da Cividade
encontra-se integrada na área vedada das Termas do Alto da Cividade,
encontrando-se em escavações desde de 1977.</TRAARQ>
		<DESARQ>Durante as escavações realizadas, em 1977 e 1978, na zona Norte do tabuleiro
superior da Colina de Maximinos, foram detectadas várias fossas abertas no
saibro. A escavação de algumas dessas estruturas permitiu exumar cerâmicas
proto-históricas que se inserem, de um modo geral, na ocupação do Bronze
Final da região do NO português. </DESARQ>
		<INTERP> Povoado proto-histórico.</INTERP>
		<BIBLIO> MARTINS, M. (1990). O Povoamento Proto-Histórico e a Romanização da
Bacia do Médio Cávado, Cadernos de Arqueologia - Monografias, 5,
Universidade do Minho, Braga, pp.81. </BIBLIO>
		<AUTOR> Manuela Martins </AUTOR>
		<DATA>04-Fev-1998</DATA>
	</ARQELEM>
