<?xml version="1.0" encoding="UTF-8"?>
<ARQELEM>
		<TIPO ASSUNTO="arqueossitio"/>
		<IDENTI>Monte da Saia; Cidade da citânia; Monte de Fralães </IDENTI>
		<DESCRI>
			   <LIGA TERMO="povoado fortificado romanizado"> Povoado
fortificado</LIGA>
		</DESCRI>
		<CRONO> Proto-História / Romanização</CRONO>
		<LUGAR> Monte da Saia </LUGAR>
		<FREGUE> Chavão </FREGUE>
		<CONCEL> Barcelos </CONCEL>
		<CODADM> 030222 </CODADM>
		<LATITU> 498,8 </LATITU>
		<LONGIT> 162,1 </LONGIT>
		<ALTITU> 303m </ALTITU>
		<ACESSO>O acesso pode fazer-se a partir de Chorente, ou Chavão, por caminho
carreteiro.</ACESSO>
		<QUADRO>O Monte da Saia situa-se no limite da bacia do Cávado, com a bacia do rio
Este. Na sua vertente NE nasce o rio Covo, que corre para o Cávado; a Este,
Sul e Oeste correm vários subafluentes do rio Este. O monte corresponde a
uma elevação de altitude média, que ocupa uma posição de destaque no relevo
da região. </QUADRO>
		<DESARQ>O povoado nunca foi objecto de escavações arqueológicas sistemáticas, sendo
conhecido, sobretudo, a partir de achados ocorridos, ou no seu interior, ou
nas suas imediações. Possui pelo menos três linhas de muralhas e na sua
superfície recolheram-se abundantes fragmentos de <LIGA TERMO="cerâmica micácea"> cerâmica micácea</LIGA>, de fabrico indígena e de cerâmica romana.
Nele foi ainda identificado um <LIGA TERMO="monumento com forno"> monumento
com forno</LIGA>, do mesmo género dos descobertos em Briteiros e em Santa
Maria dos Galegos, este último, também no concelho de Barcelos. J. Leite de
Vasconcelos publicou duas <LIGA TERMO="estela"> estelas</LIGA> aparecidas no
sítio do Forno dos Mouros, numa das encostas do monte. Possuem um nicho, com
figuras togadas; as peças deveriam estar relacionadas com o monumento e com
o forno.</DESARQ>
		<INTERP>
			   <LIGA TERMO="povoado fortificado"> Povoado fortificado</LIGA>
romananizado.</INTERP>
		<DEPOSI> Museu Nacional de Arqueologia e Etnologia.</DEPOSI>
		<BIBLIO>TORRES, J. (1876). As ruínas existentes no Monte da Saia, Comércio do Lima,
no 52, 22/11/1876. </BIBLIO>
		<BIBLIO>TORRES, J. (1877) As ruínas existentes no Monte da Saia, Comércio do Lima,
no 59, 10/1/1877. </BIBLIO>
		<BIBLIO>VASCONCELOS, J. L. (1903). Cidade velha de Santa Luzia, Arqueólogo
Português, 8, pp. 376, 379. </BIBLIO>
		<BIBLIO>VASCONCELOS, J. L. (1913). Religiões da Lusitânia, III, Lisboa. pp.510-512;</BIBLIO>
		<BIBLIO>FONSECA, T. (1948). O concelho de Barcelos Aquém e Além Cávado, Barcelos, 2
vol. pp. 121. </BIBLIO>
		<BIBLIO>GARCIA E BELLIDO (1968). Câmaras funerárias de la Cultura Castrena, Arquivo
Español de Arqueologia, Madrid, 44 (117-118), pp.33-34; </BIBLIO>
		<BIBLIO>KALB, PH. (1980b). Zur Atlantichen Bronzezeit in Portugal, Germania, 58,
Frankfurt, no. 17. </BIBLIO>
		<BIBLIO>MARTINS, M. (1990). O Povoamento Proto-Histórico e a Romanização da Bacia do
Médio Cávado, Cadernos de Arqueologia - Monografias, 5, Universidade do
Minho, Braga, pp. 74. </BIBLIO>
		<AUTOR> Manuela Martins </AUTOR>
		<DATA>04-Fev-1998</DATA>
	</ARQELEM>
