<?xml version="1.0" encoding="UTF-8"?>
<ARQELEM>
		<TIPO ASSUNTO="arqueossitio"/>
		<IDENTI> Viade de Baixo </IDENTI>
		<DESCRI> Igreja; <LIGA TERMO="necrópole"> Necrópole</LIGA>
		</DESCRI>
		<CRONO>Idade Moderna</CRONO>
		<LUGAR> Viade de Baixo </LUGAR>
		<FREGUE> Viade de Baixo </FREGUE>
		<CONCEL> Montalegre </CONCEL>
		<CODADM> 170634 </CODADM>
		<LATITU> 532,4 </LATITU>
		<LONGIT> 212,5 </LONGIT>
		<ALTITU> 926m </ALTITU>
		<ACESSO>O acesso faz-se pela estrada municipal alcatroada que liga a povoação
directamente à estrada EN 103, à direita na direcção Montalegre - Braga. O
monumento não está sinalizado.</ACESSO>
		<DESARQ>Edifício de arquitectura românica tardia, com troços de paredes originais de
<LIGA TERMO="aparelho isódono"> aparelho isódono</LIGA>, superiormente
rematadas com <LIGA TERMO="modilhão"> modilhões</LIGA> lisos. Portal
setentrional de<LIGA TERMO="arco"> arco</LIGA>e <LIGA TERMO="arquivolta">arquivolta</LIGA> lisas, de volta perfeita. Nartex acrescentado tardiamente,
abrigando várias sepulturas modernas. Em torno da igreja, no interior do
adro murado, vêem-se ainda coberturas de outras sepulturas modernas, algumas
com decoração simples nas tampas.</DESARQ>
		<INTERP>Igreja de fundação tardo-medieval; necrópole moderna. </INTERP>
		<INTERE>Embora razoavelmente conservados, os elementos descritos não têm, no
contexto regional, grande valor patrimonial nem revestem particular
significado histórico. </INTERE>
		<BIBLIO>COSTA, J. G.(1968). Montalegre e Terras de Barroso. Montalegre, 1968.</BIBLIO>
		<BIBLIO>FONTES, L.(1992). Sítios e Achados Arqueológicos do Concelho de
Montalegre. Braga, 1992 (edição policopiada da CCRN - Porto). </BIBLIO>
		<AUTOR> Luis Fontes </AUTOR>
		<DATA>04-FEV-1998</DATA>
	</ARQELEM>
