<?xml version="1.0" encoding="UTF-8"?>
<ARQELEM>
		<TIPO ASSUNTO="arqueossitio"/>
		<IDENTI> Castro de Escariz; Santo Isidoro; Santos Ilus </IDENTI>
		<DESCRI>
			   <LIGA TERMO="povoado fortificado"> Povoado fortificado</LIGA>
		</DESCRI>
		<CRONO> Proto-Hitória / Romanização </CRONO>
		<LUGAR> Castro de Escariz </LUGAR>
		<FREGUE> Escariz-S. Mamede </FREGUE>
		<CONCEL> Vila Verde </CONCEL>
		<CODADM> 031345 </CODADM>
		<LATITU> 518,6 </LATITU>
		<LONGIT> 166,5 </LONGIT>
		<ALTITU> 235m </ALTITU>
		<ACESSO>O acesso a este povoado faz-se a partir de Escariz.</ACESSO>
		<QUADRO>O monte onde assenta o <LIGA TERMO="castro"> castro</LIGA> ocupa o extremo
norte de uma estreita crista montanhosa, que se desenvolve no sentido
Norte/Sul, entre S. Martinho de Escariz e Parada de Gatim, paralela ao rio
Neiva, tendo como ponto mais alto o lugar de Barrosas, com 248m de
altitude.</QUADRO>
		<TRAARQ>Não são conhecidos trabalhos arqueológicos no local.</TRAARQ>
		<DESARQ>O povoado possui três plataformas e três linhas de muralhas. À superfície
recolhem-se fragmentos de <LIGA TERMO="cerâmica micácea"> cerâmica
micácea</LIGA> e <LIGA TERMO="tégula"> tégulas</LIGA>, sendo visíveis restos
de construções habitacionais. Na Casa do Povo de Escariz existe uma mó
proveniente do <LIGA TERMO="castro"> castro</LIGA>. No Museu Pio XII, em
Braga está guardada uma pedra decorada proveniente deste mesmo sítio,
inventariada com o nº 22. A pedra ostenta, numa das faces, dois cordões
paralelos.</DESARQ>
		<INTERP>
			   <LIGA TERMO="povoado fortificado"> Povoado fortificado</LIGA>
romanizado.</INTERP>
		<DEPOSI> Museu Pio XII, em Braga.</DEPOSI>
		<BIBLIO> AZEVEDO, P. A.(1898). Extractos archeologicos das memorias
parochiais de 1758, Arqueólogo Português, 2 (1896). pp.143. </BIBLIO>
		<BIBLIO>MARTINS, M. (1990) O Povoamento Proto-Histórico e a Romanização da Bacia do
Curso do Médio Cávado, Cadernos de Arqueologia - Monografias, 5,
Universidade do Minho, Braga, pp. 101-102. </BIBLIO>
		<AUTOR> Manuela Martins </AUTOR>
		<DATA>04-FEV-1998</DATA>
	</ARQELEM>
