<?xml version="1.0" encoding="UTF-8"?>
<ARQELEM>
		<TIPO ASSUNTO="arqueossitio"/>
		<IDENTI> Outeiro das Corças </IDENTI>
		<DESCRI> Necrópole megalítica </DESCRI>
		<CRONO>Pré-História Recente</CRONO>
		<LUGAR> Listoso </LUGAR>
		<FREGUE> Passos (S. Vicente) </FREGUE>
		<CONCEL> Fafe </CONCEL>
		<CODADM> 030719 </CODADM>
		<LATITU> 501,4 </LATITU>
		<LONGIT> 193,2 </LONGIT>
		<ALTITU> 530m </ALTITU>
		<ACESSO>Faz-se a partir da E. N. 207 (Braga - Fafe), toma-se o C.M. 1625 até S.
Vicente de Passos. Depois, até Listoso pelo C.M. 1645-1. </ACESSO>
		<QUADRO>Os monumentos localizam-se numa chã planáltica, integrada na bacia
hidrográfica do rio Ave.</QUADRO>
		<DESARQ>Duas <LIGA TERMO="mamoa"> mamoas</LIGA> muito destruídas, certamente
pertecente a uma necrópole megalítica que ocuparia a chã planaltica.</DESARQ>
		<AUTOR> Manuela Martins </AUTOR>
		<DATA>04-FEV-1998</DATA>
	</ARQELEM>
