<?xml version="1.0" encoding="UTF-8"?>
<ARQELEM>
		<TIPO ASSUNTO="arqueossitio"/>
		<IDENTI> Castro da Torre; Castelo do Castro; Torre do Castro</IDENTI>
		<DESCRI>
			   <LIGA TERMO="povoado fortificado"> Povoado fortificado</LIGA> Torre
Medieval </DESCRI>
		<LUGAR> Lugar da Torre </LUGAR>
		<FREGUE> Carrazedo </FREGUE>
		<CONCEL> Amares </CONCEL>
		<CODADM> 030107 </CODADM>
		<LATITU> 517, 5 </LATITU>
		<LONGIT> 179, 05 </LONGIT>
		<ALTITU> 96m </ALTITU>
		<ACESSO>Os terrenos onde se encontra o <LIGA TERMO="castro"> castro</LIGA> são
propriedade particular,
 sendo necessário obter autorização para visitar o local.</ACESSO>
		<QUADRO>O povoado localiza-se numa pequena sobreelevação de um terraço fluvial do
rio Cávado.</QUADRO>
		<TRAARQ>Embora referido na bibliografia, não são conhecidos trabalhos arqueológicos
no local. </TRAARQ>
		<DESARQ>O povoado está bastante destruído, pois sobre ele assentou uma torre
quatrocentista. No entanto, podem ainda
 observar-se restos de uma muralha e de um fosso. Na superfície recolhem-se
alguns fragmentos de louça proto-histórica
de fabrico <LIGA TERMO="micáceo"> micáceo</LIGA>. Aparentemente, o povoado
possuía apenas uma plataforma,
 pelo que pode ser considerado um povoado de baixa altitude. do mesmo género
do povoado do Lago, também em Amares.</DESARQ>
		<INTERP>
			   <LIGA TERMO="povoado fortificado"> povoado fortificado</LIGA>
proto-histórico.</INTERP>
		<BIBLIO>: SILVA, D. M. (1958-59). Entre Homem e Cávado, Amares. Monografia
do concelho de Amares e Terras de Bouro,
 Amares. pp. 251-252; </BIBLIO>
		<BIBLIO>CUNHA, A. R. (1975a). Trepando aos montes, O Distrito de Braga, 1 (3-4),
Braga, pp. 32. </BIBLIO>
		<BIBLIO>MARTINS, M. (1990). O Povoamento Proto-Histórico e a romanização da Bacia do
Curso Médio do Cávado,
 Cadernos de Arqueologia - Monografias, 5, Universidade do Minho, Braga, pp.
67. </BIBLIO>
		<AUTOR>Manuela Martins </AUTOR>
		<DATA>04-Fev-1998</DATA>
	</ARQELEM>
