<?xml version="1.0" encoding="UTF-8"?>
<ARQELEM>
		<TIPO ASSUNTO="arqueossitio"/>
		<IDENTI> Poços Salgueiros </IDENTI>
		<DESCRI> Necrópole megalítica </DESCRI>
		<CRONO>Pré-História Recente</CRONO>
		<LUGAR> Poços Salgueiros </LUGAR>
		<FREGUE> Travassós </FREGUE>
		<CONCEL> Fafe </CONCEL>
		<CODADM> 030733 </CODADM>
		<LATITU> 502,8 </LATITU>
		<LONGIT> 192,8 </LONGIT>
		<ALTITU> 548m </ALTITU>
		<ACESSO>Até à Castanheira pelo C.M. 1643, depois, por estrada florestal que
atravessa todo o planalto de Santa Marinha. </ACESSO>
		<QUADRO>Extensa chã planáltica pertencente à bacia hidrográfica do rio Ave..</QUADRO>
		<DESARQ>Duas pequenas <LIGA TERMO="mamoa"> mamoas</LIGA> já violadas e
semi-destruídas, certamente pertencente à mesma <LIGA TERMO="necrópole">necrópole</LIGA> que a <LIGA TERMO="mamoa"> mamoa</LIGA> do Monte de Santa
Marinha.</DESARQ>
		<INTERP> Necrópole megalítica.</INTERP>
		<AUTOR> Manuela Martins </AUTOR>
		<DATA>04-FEV-1998</DATA>
	</ARQELEM>
