<?xml version="1.0" encoding="UTF-8"?>
<ARQELEM>
		<TIPO ASSUNTO="arqueossitio"/>
		<IDENTI> Cabreiro </IDENTI>
		<DESCRI> Ponte </DESCRI>
		<CRONO> Idade Média</CRONO>
		<LUGAR> Cabreiro </LUGAR>
		<FREGUE> Cabreiro </FREGUE>
		<CONCEL> Arcos de Valdevez </CONCEL>
		<CODADM> 160106 </CODADM>
		<LATITU> 551,8 </LATITU>
		<LONGIT> 176,4 </LONGIT>
		<ALTITU>102m </ALTITU>
		<ACESSO>Nas proximidades da aldeia de Cabreiro, sobre o rio do mesmo nome. O acesso
faz-se a pé (menos de 5 minutos), pelo antigo caminho carreteiro lajeado que
leva ao lugar de Sobreira, a partir da estrada nacional EN.202-2 (ligação
Arcos de Valdevez - Sistelo). O monumento não está sinalizado.</ACESSO>
		<DESARQ>Ponte medieval lançada sobre o rio Cabreiro, notável pela monumental
inscrição gravada no intradorso do<LIGA TERMO="arco"> arco</LIGA>mais
pequeno . Com<LIGA TERMO="cerca"> cerca</LIGA>de 3 metros de comprimento e
escrita em <LIGA TERMO="gótico"> gótico</LIGA> minúsculo com letras de
grande tamanho, relata que a ponte foi feita por iniciativa do abade de
Cabreiro, ao serviço do nobre Leonel de Lima, ao tempo portanto do rei
Afonso V (terceiro quartel do século XV). É igualmente notável pela
excelência da fábrica, apresentando-se solidamente assente nas margens e no
pegão central reforçado com talhamar e talhante, do qual arrancam dois
arcos, o maior em volta perfeita e o mais pequeno em ogiva. Para além da
inscrição já referida no<LIGA TERMO="arco"> arco</LIGA>mais pequeno, o da
margem direita, nos intradorsos são visíveis os encaixes dos cimbres. O
tabuleiro, em cavalete, com guardas pétreas e lajeado, mede mais de 3 metros
de largura e vence um<LIGA TERMO="triedro"> triedro</LIGA>total superior a
20 metros. O <LIGA TERMO="aparelho"> aparelho</LIGA> dos paramentos é
irregular e menos cuidado que o dos arcos. O monumento e a envolvência
paisagística apresentam-se muito bem conservados.</DESARQ>
		<INTERP>Ponte medieval.</INTERP>
		<INTERE>Pela inscrição e pela obra de engenharia este monumento é cumulativamente um
inquestionável valor patrimonial de excepcional interesse e significado
histórico-arqueológico e um importante testemunho da antiga via de
comunicação medieval que ligava os Arcos de Valdevez à Galiza pelo interior
serrano da Peneda e Laboreiro, servindo grande parte das "brandas" pastoris
da vertente poente da serra da Peneda. </INTERE>
		<BIBLIO>ALMEIDA, C.A.F.(1968) Vias Medievais de Entre Douro e Minho, Dissertação de
Licenciatura em História (policopiada), Faculdade de Letras da Universidade
do Porto, Porto, 1968. </BIBLIO>
		<BIBLIO> ALMEIDA, C.A.F.(1987) Alto Minho, (novos guias de Portugal, 5),
Editorial Presença, Lisboa, 1987. </BIBLIO>
		<AUTOR> Luis Fontes </AUTOR>
		<DATA>04-FEV-1998</DATA>
	</ARQELEM>
