<?xml version="1.0" encoding="UTF-8"?>
<ARQELEM>
		<TIPO ASSUNTO="arqueossitio"/>
		<IDENTI> Castro de Álvora </IDENTI>
		<DESCRI>
			   <LIGA TERMO="povoado fortificado"> Povoado fortificado</LIGA>
		</DESCRI>
		<CRONO>Proto-história  / Romanização</CRONO>
		<LUGAR> Álvora </LUGAR>
		<FREGUE> Álvora </FREGUE>
		<CONCEL> Arcos de Valdevez </CONCEL>
		<CODADM> 160103 </CODADM>
		<LATITU> 552,2m </LATITU>
		<LONGIT>173,7m </LONGIT>
		<ALTITU> 269m</ALTITU>
		<QUADRO>O povoado localiza-se num monte sobranceiro à ribeira de Frades, afluente da
margem direita da bacia do rio Vez.</QUADRO>
		<DESARQ>Trata-se de um povoado proto-histórico com várias linhas de muralhas.
A partir dos materiais cerâmicos encontrados no povoado é possível afirmar
que foi ocupado durante a Idade do Ferro tendo sido romanizado. É igualmente
provável uma ocupação anterior à Idade do Ferro, referenciada pela
descoberta de um molde de foice, de granito, encontrado no enchimento da
muralha e datável entre os sécs. IX e VIII a.C. </DESARQ>
		<DEPOSI>Museu D. Diogo de Sousa; Museu Nacional de Arqueologia e Etnologia.</DEPOSI>
		<BIBLIO>BETTENCOURT, A.M.S. (1988). O molde de foice do Castro de Álvora - Arcos de
Valdevez, Cadernos de Arqueologia, Série II, 5, Braga, pp. 155-161.</BIBLIO>
		<BIBLIO> GOMES, C.A. (1979). O Castro de Álvora (Subsídios para o seu
estudo), Cadernos Vianenses, 3, Viana do Castelo, pp. 161-175. </BIBLIO>
		<BIBLIO> GOMES, C.A. (1980). O Castro de Álvora - II (Subsídios para o seu
estudo), Terra de Val de Vez, 1, Arcos de Valdevez, pp. 84-162. </BIBLIO>
		<BIBLIO> GOMES, C.A. (1981) O Castro de Álvora - III (Subsídios para o seu
estudo), Terra de Val de Vez, 2, Arcos de Valdevez, pp. 47-51. </BIBLIO>
		<AUTOR> Manuela Martins </AUTOR>
		<DATA>04-FEV-1998</DATA>
	</ARQELEM>
