<?xml version="1.0" encoding="UTF-8"?>
<ARQELEM>
		<TIPO ASSUNTO="arqueossitio"/>
		<IDENTI> Castro de Caldelas; Monte das Caldas; Outeiro de S. Sebastião</IDENTI>
		<DESCRI>
			   <LIGA TERMO="povoado fortificado"> Povoado fortificado</LIGA>
		</DESCRI>
		<LUGAR> S. Sebastião </LUGAR>
		<FREGUE> Caldelas </FREGUE>
		<CONCEL> Amares </CONCEL>
		<CODADM> 030106 </CODADM>
		<LATITU> 180,0 </LATITU>
		<LONGIT> 522,35</LONGIT>
		<ALTITU> 222m </ALTITU>
		<ACESSO> O acesso faz-se a partir de Caldelas, por caminho
carreteiro.</ACESSO>
		<QUADRO>O povoado assenta num pequeno outeiro, bem destacado no vale do rio Homem. O
monte encontra-se densamente arborizado. </QUADRO>
		<TRAARQ>Não são conhecidos quaisquer trabalhos arqueológicos no local. </TRAARQ>
		<DESARQ> A cobertura vegetal do cabeço não deixa perceber quaisquer
estruturas à superfície. Todavia é possível identificar algum material de
derrube, nos locais onde passariam as muralhas. Desconhece-se se o povoado
terá sido romanizado. </DESARQ>
		<INTERP>
			   <LIGA TERMO="povoado fortificado"> povoado fortificado</LIGA>
proto-histórico.</INTERP>
		<BIBLIO>SILVA, D. M. (1958-59). Entre Homem e Cávado, Amares. Monografia do concelho
de Amares e Terras de Bouro, Amares. pp. 229; </BIBLIO>
		<BIBLIO>JORGE, S. O. e J. J. RIGAUD de SOUSA (1980). Resultados preliminares de uma
sondagem na estação arqueológica de Chã do <LIGA TERMO="castro">castro</LIGA> (Amares, Braga), I Seminário de Arqueologia do Noroeste
Penínsular, 2, Guimarães, pp.120. </BIBLIO>
		<BIBLIO>MARTINS, M. (1990). O Povoamento Proto-Histórico e a romanização da Bacia do
Curso do Médio Cávado, Cadernos de Arqueologia - Monografias, 5,
Universidade do Minho, Braga, pp. 66. </BIBLIO>
		<AUTOR>Manuela Martins </AUTOR>
		<DATA>04-Fev-1998</DATA>
	</ARQELEM>
