<?xml version="1.0" encoding="UTF-8"?>
<ARQELEM>
		<TIPO ASSUNTO="arqueossitio"/>
		<IDENTI> Ponte de Dorna </IDENTI>
		<DESCRI> Ponte </DESCRI>
		<CRONO> Idade Média</CRONO>
		<LUGAR> Dorna </LUGAR>
		<FREGUE> Castro Laboreiro </FREGUE>
		<CONCEL> Melgaço </CONCEL>
		<CODADM> 160302 </CODADM>
		<ACESSO>Próximo da "inverneira" de Dorna, cerca de 4 kms a Sul de Castro Laboreiro.
O acesso faz-se pela estrada municipal que deriva da estrada EN.202-3
ligando
Castro Laboreiro a Ribeiro de Baixo e Eiras. Situado à margem da estrada, do
lado nascente do cruzamento para a casa-abrigo de Dorna, o monumento não
está sinalizado. </ACESSO>
		<DESARQ>Ponte sobre o ribeiro de Dorna, de um<LIGA TERMO="arco"> arco</LIGA>de volta
perfeita bem alicerçado nas margens graníticas através de paramentos de
<LIGA TERMO="aparelho"> aparelho</LIGA> rude em mamposteria de calhaus e
blocos graníticos mal afeiçoados. O<LIGA TERMO="arco"> arco</LIGA>apresenta
um <LIGA TERMO="aparelho"> aparelho</LIGA> cuidado com <LIGA TERMO="aduela">aduelas</LIGA> "cúbicas" de modulação regular. O piso do tabuleiro assenta
ao centro da ponte no extradorso das <LIGA TERMO="aduela"> aduelas</LIGA> do
arco, determinando a quase horizontalidade do tabuleiro, com largura
inferior a 3 metros, que se apresenta sem guardas. Vencendo um<LIGA TERMO="triedro"> triedro</LIGA>com cerca de 3,5 metros de comprimento e mais
de 2 metros de altura, esta construção apresenta uma estereotipada "estética
medieval", apesar das suas características construtivas serem mais
frequentes em época moderna, devendo notar-se a ausência de siglas de <LIGA TERMO="canteiro"> canteiro</LIGA>. Tratar-se-á de uma obra de arte
tardo-medieval, ou mesmo já moderna, relacionável com a rede de comunicações
vicinais de Castro Laboreiro. Encontra-se desactivada, mal conservada,
oculta por vegetação arbustiva e perturbada no seu enquadramento
paisagístico por saibreiras que ladeiam o estradão aí aberto
recentemente.</DESARQ>
		<INTERP>Ponte da Baixa Idade Média</INTERP>
		<INTERE>Apesar de não se conhecer qualquer referência documental, este monumento é
importante para a compreensão das antigas ligações locais na margem direita
do vale do rio Laboreiro. Embora classificado como IIP (Dec. 1/86 de 3-1),
este monumento não possui nenhum elemento qualitativamente distintivo,
constituindo um valor patrimonial vulgar. </INTERE>
		<BIBLIO>RODRIGUES,A.R. (1985) Pontes Romanas e Românicas de Castro Laboreiro
(separata dos "Cadernos da Câmara Municipal de Melgaço, 2), Câmara Municipal
de Melgaço, 1985. </BIBLIO>
		<AUTOR> Luís Fontes </AUTOR>
		<DATA>04-FEV-1998</DATA>
	</ARQELEM>
